[{"model": "admin.logentry", "pk": 1, "fields": {"action_time": "2022-11-22T17:56:57.503Z", "user": 1, "content_type": 7, "object_id": "1", "object_repr": "Электрический лобзик FinePower Basic JSB400", "action_flag": 2, "change_message": "[{\"changed\": {\"fields\": [\"\\u0418\\u0437\\u043e\\u0431\\u0440\\u0430\\u0436\\u0435\\u043d\\u0438\\u0435 \\u0442\\u043e\\u0432\\u0430\\u0440\\u0430\"]}}]"}}, {"model": "admin.logentry", "pk": 2, "fields": {"action_time": "2022-11-22T18:09:32.846Z", "user": 1, "content_type": 7, "object_id": "1", "object_repr": "Электрический лобзик FinePower Basic JSB400", "action_flag": 2, "change_message": "[{\"changed\": {\"fields\": [\"\\u0418\\u0437\\u043e\\u0431\\u0440\\u0430\\u0436\\u0435\\u043d\\u0438\\u0435 \\u0442\\u043e\\u0432\\u0430\\u0440\\u0430\"]}}]"}}, {"model": "admin.logentry", "pk": 3, "fields": {"action_time": "2022-11-22T18:09:49.173Z", "user": 1, "content_type": 7, "object_id": "1", "object_repr": "Электрический лобзик FinePower Basic JSB400", "action_flag": 2, "change_message": "[{\"changed\": {\"fields\": [\"\\u0418\\u0437\\u043e\\u0431\\u0440\\u0430\\u0436\\u0435\\u043d\\u0438\\u0435 \\u0442\\u043e\\u0432\\u0430\\u0440\\u0430\"]}}]"}}, {"model": "admin.logentry", "pk": 4, "fields": {"action_time": "2022-11-22T18:20:06.004Z", "user": 1, "content_type": 7, "object_id": "2", "object_repr": "Электрический лобзик СОЮЗ ЛБС-4050", "action_flag": 2, "change_message": "[{\"changed\": {\"fields\": [\"\\u041e\\u043f\\u0438\\u0441\\u0430\\u043d\\u0438\\u0435 \\u0442\\u043e\\u0432\\u0430\\u0440\\u0430\", \"\\u0418\\u0437\\u043e\\u0431\\u0440\\u0430\\u0436\\u0435\\u043d\\u0438\\u0435 \\u0442\\u043e\\u0432\\u0430\\u0440\\u0430\"]}}]"}}, {"model": "admin.logentry", "pk": 5, "fields": {"action_time": "2022-11-22T18:21:38.401Z", "user": 1, "content_type": 7, "object_id": "5", "object_repr": "Электрический лобзик Дифмаш ЛП-010", "action_flag": 2, "change_message": "[{\"changed\": {\"fields\": [\"\\u041e\\u043f\\u0438\\u0441\\u0430\\u043d\\u0438\\u0435 \\u0442\\u043e\\u0432\\u0430\\u0440\\u0430\", \"\\u0418\\u0437\\u043e\\u0431\\u0440\\u0430\\u0436\\u0435\\u043d\\u0438\\u0435 \\u0442\\u043e\\u0432\\u0430\\u0440\\u0430\"]}}]"}}, {"model": "admin.logentry", "pk": 6, "fields": {"action_time": "2022-11-22T18:21:54.831Z", "user": 1, "content_type": 7, "object_id": "5", "object_repr": "Электрический лобзик Дифмаш ЛП-010", "action_flag": 2, "change_message": "[{\"changed\": {\"fields\": [\"\\u0418\\u0437\\u043e\\u0431\\u0440\\u0430\\u0436\\u0435\\u043d\\u0438\\u0435 \\u0442\\u043e\\u0432\\u0430\\u0440\\u0430\"]}}]"}}, {"model": "admin.logentry", "pk": 7, "fields": {"action_time": "2022-11-22T18:22:37.212Z", "user": 1, "content_type": 7, "object_id": "5", "object_repr": "Электрический лобзик Дифмаш ЛП-010", "action_flag": 2, "change_message": "[{\"changed\": {\"fields\": [\"\\u0418\\u0437\\u043e\\u0431\\u0440\\u0430\\u0436\\u0435\\u043d\\u0438\\u0435 \\u0442\\u043e\\u0432\\u0430\\u0440\\u0430\"]}}]"}}, {"model": "admin.logentry", "pk": 8, "fields": {"action_time": "2022-11-22T18:23:22.422Z", "user": 1, "content_type": 7, "object_id": "4", "object_repr": "Дрель-шуруповерт FinePower Basic CDB0120", "action_flag": 2, "change_message": "[{\"changed\": {\"fields\": [\"\\u0418\\u0437\\u043e\\u0431\\u0440\\u0430\\u0436\\u0435\\u043d\\u0438\\u0435 \\u0442\\u043e\\u0432\\u0430\\u0440\\u0430\"]}}]"}}, {"model": "admin.logentry", "pk": 9, "fields": {"action_time": "2022-11-22T18:23:31.516Z", "user": 1, "content_type": 7, "object_id": "3", "object_repr": "Патрон Bosch 2608572072", "action_flag": 2, "change_message": "[{\"changed\": {\"fields\": [\"\\u0418\\u0437\\u043e\\u0431\\u0440\\u0430\\u0436\\u0435\\u043d\\u0438\\u0435 \\u0442\\u043e\\u0432\\u0430\\u0440\\u0430\"]}}]"}}, {"model": "admin.logentry", "pk": 10, "fields": {"action_time": "2022-11-22T19:43:32.284Z", "user": 1, "content_type": 7, "object_id": "1", "object_repr": "Электрический лобзик FinePower Basic JSB400", "action_flag": 2, "change_message": "[{\"changed\": {\"fields\": [\"\\u0418\\u0437\\u043e\\u0431\\u0440\\u0430\\u0436\\u0435\\u043d\\u0438\\u0435 \\u0442\\u043e\\u0432\\u0430\\u0440\\u0430\"]}}]"}}, {"model": "admin.logentry", "pk": 11, "fields": {"action_time": "2022-11-22T19:43:44.285Z", "user": 1, "content_type": 7, "object_id": "1", "object_repr": "Электрический лобзик FinePower Basic JSB400", "action_flag": 2, "change_message": "[{\"changed\": {\"fields\": [\"\\u0418\\u0437\\u043e\\u0431\\u0440\\u0430\\u0436\\u0435\\u043d\\u0438\\u0435 \\u0442\\u043e\\u0432\\u0430\\u0440\\u0430\"]}}]"}}, {"model": "admin.logentry", "pk": 12, "fields": {"action_time": "2022-11-22T19:45:06.894Z", "user": 1, "content_type": 7, "object_id": "2", "object_repr": "Электрический лобзик СОЮЗ ЛБС-4050", "action_flag": 2, "change_message": "[{\"changed\": {\"fields\": [\"\\u0418\\u0437\\u043e\\u0431\\u0440\\u0430\\u0436\\u0435\\u043d\\u0438\\u0435 \\u0442\\u043e\\u0432\\u0430\\u0440\\u0430\"]}}]"}}, {"model": "admin.logentry", "pk": 13, "fields": {"action_time": "2022-11-22T19:45:17.621Z", "user": 1, "content_type": 7, "object_id": "2", "object_repr": "Электрический лобзик СОЮЗ ЛБС-4050", "action_flag": 2, "change_message": "[{\"changed\": {\"fields\": [\"\\u0418\\u0437\\u043e\\u0431\\u0440\\u0430\\u0436\\u0435\\u043d\\u0438\\u0435 \\u0442\\u043e\\u0432\\u0430\\u0440\\u0430\"]}}]"}}, {"model": "auth.user", "pk": 1, "fields": {"password": "pbkdf2_sha256$260000$pbNwmEaWcM9AMcvZOQr6gs$MKHw+VrVKggXJJks01UU/A+1G2Kz4l5zAt9iiCvPH2E=", "last_login": "2022-11-22T19:43:16.113Z", "is_superuser": true, "username": "admin", "first_name": "", "last_name": "", "email": "admin@admin.ad", "is_staff": true, "is_active": true, "date_joined": "2022-11-21T17:53:34.746Z", "groups": [], "user_permissions": []}}, {"model": "sessions.session", "pk": "pox7j8p4hujcofwyldwlevd1uofwiih8", "fields": {"session_data": ".eJxVjMsOwiAQRf-FtSHyLLh07zeQGRikaiAp7cr479KkC92ec-59swDbWsLWaQlzYhcm2OmXIcQn1V2kB9R747HVdZmR7wk_bOe3luh1Pdq_gwK9jLUyMOXkhHVWWHLeZi-MRROdRDMgSC2UVN6hBnE2SBks6FHiBOQgsc8Xvz83hw:1oxAzb:eMw9TZzNs8JgKjkGNypr-phnhVIeFgeq_-Ai8xPFgg0", "expire_date": "2022-12-05T17:54:03.532Z"}}, {"model": "sessions.session", "pk": "qdlox6h32l2p99a3u32fqm6n2hpa7la5", "fields": {"session_data": ".eJxVjMsOwiAQRf-FtSHyLLh07zeQGRikaiAp7cr479KkC92ec-59swDbWsLWaQlzYhcm2OmXIcQn1V2kB9R747HVdZmR7wk_bOe3luh1Pdq_gwK9jLUyMOXkhHVWWHLeZi-MRROdRDMgSC2UVN6hBnE2SBks6FHiBOQgsc8Xvz83hw:1oxZAq:Xxtx7A03xnEnJqTVmc0160UzAWuCr4M-c9fKtU3H6KQ", "expire_date": "2022-12-06T19:43:16.156Z"}}, {"model": "api.item", "pk": 1, "fields": {"name": "Электрический лобзик FinePower Basic JSB400", "description": "Электрический лобзик FinePower Basic JSB400 может использоваться для распилов в древесине, металле, резине, керамике и синтетических материалах толщиной до 55 мм. С помощью данного инструмента можно выполнять прямые и криволинейные распилы с углом наклона до 45 градусов. Штампованная стальная подошва устойчива к повреждениям и деформации. Прозрачный кожух защищает пользователя от опилок. Возможность подключения к пылесосу помогает поддерживать порядок в рабочей зоне. Рукоятка скобовидной формы с прорезиненным покрытием гарантирует комфортную фиксацию инструмента FinePower Basic JSB400.", "price": "1199.00", "image": "items/dd915c3da29b6c4526807694bc50372e3a1907db37d7e5da2bdba876e5beddfb.jpg"}}, {"model": "api.item", "pk": 2, "fields": {"name": "Электрический лобзик СОЮЗ ЛБС-4050", "description": "Электрический лобзик СОЮЗ ЛБС-4050 является практичным бытовым инструментом с удобной рукояткой, снабженной прорезиненными накладками, и электроприводом мощностью 500 Вт. Он получает питание от бытовой сети 220 В, подключаясь к ней посредством двухметрового сетевого шнура. Инструмент с длиной хода пилки 18 мм применяется для пиления деревянных заготовок толщиной до 55 мм и металлических деталей до 6 мм толщиной. Его штампованная подошва может отклоняться на угол до 45°, обеспечивая регулировку угла реза.\r\nЭлектрический лобзик СОЮЗ ЛБС-4050 с регулировкой скорости хода пилки может обеспечивать максимальную частоту до 3000 ходов/мин. Компактный инструмент, функционал которого будет полезен при проведении ремонта в доме или квартире, допускает подключение пылесоса для обеспечения чистоты рабочего места и эффективного сбора опилок.", "price": "1300.00", "image": "items/180689_0b18a-1000x1000.jpg"}}, {"model": "api.item", "pk": 3, "fields": {"name": "Патрон Bosch 2608572072", "description": "Патрон Bosch 2608572072 позволит использовать сверлильную оснастку с диаметром хвостовика 1-6 мм с аккумуляторной отверткой или шуруповертом, лишенным быстрозажимного патрона. Для присоединения к стандартному патрону инструмента в этом подключаемом быстрозажимном патроне применен хвостовик 1/4\".", "price": "1050.00", "image": "items/51119057.jpg"}}, {"model": "api.item", "pk": 4, "fields": {"name": "Дрель-шуруповерт FinePower Basic CDB0120", "description": "Дрель-шуруповерт FinePower Basic CDB0120 предназначена для монтажных и демонтажных работ, а также для сверления в древесине и металле во время бытовых ремонтных и строительных работ. Модель относится к безударному типу инструментов. Ее основой является мощный двигатель, способный обеспечить скорость вращения насадки вплоть до 750 об/мин. Важной особенностью шуруповерта также является наличие реверса. Благодаря этому обеспечивается комфортное использования инструмента в различных условиях. Кроме того, за счет патрона быстрозажимного типа данная модель также отличается высокой совместимостью с различными насадками.", "price": "1099.00", "image": "items/dca8058a18857f93df8066484bf08f9e2fe488f2d0e70db46ee0f6239284cfe1.jpg"}}, {"model": "api.item", "pk": 5, "fields": {"name": "Электрический лобзик Дифмаш ЛП-010", "description": "Электрический лобзик Дифмаш ЛП-010 отлично справляется со сквозным резанием древесины мягких и твердых пород, фанеры, ДСП, многослойных материалов и многих других заготовок. В этой модели удачно сочетаются компактные размеры, эргономичный дизайн и небольшой вес (1.1 кг). Надежность и продолжительный срок службы электроинструмента обеспечиваются не только простой конструкцией, но и медным обмоточным проводом, который гарантирует устойчивость двигателя к нагрузкам и увеличивает его КПД.\r\nК электрическому лобзику Дифмаш ЛП-010 можно подключить пылесос, чтобы все отходы пиления сразу же удалялись из рабочей зоны. Также в модели предусмотрено защитное стекло, которое защитит оператора от мельчайшей пыли и стружки. Благодаря эргономичной форме скобовидной рукоятки и мягкой накладке на ней обеспечивается комфорт при длительной работе электролобзиком. Использовать инструмент без риска его выхода из строя можно для пропила заготовок из дерева толщиной до 55 мм и из металла толщиной до 3 мм.", "price": "1099.00", "image": "items/111946109-1.jpg"}}, {"model": "thumbnail.kvstore", "pk": "sorl-thumbnail||image||03d26276c38f796792dfa8385ccd8ca8", "fields": {"value": "{\"name\": \"items/dca8058a18857f93df8066484bf08f9e2fe488f2d0e70db46ee0f6239284cfe1.jpg\", \"storage\": \"django.core.files.storage.FileSystemStorage\", \"size\": [600, 600]}"}}, {"model": "thumbnail.kvstore", "pk": "sorl-thumbnail||image||217c52de584b4db7adf58eaf80bb2cf8", "fields": {"value": "{\"name\": \"cache/65/0d/650d2688a0bc7481b20c3f6c2f7ebeb7.jpg\", \"storage\": \"django.core.files.storage.FileSystemStorage\", \"size\": [270, 270]}"}}, {"model": "thumbnail.kvstore", "pk": "sorl-thumbnail||image||3344b55e4df166e691755f4d5ab9b3d1", "fields": {"value": "{\"name\": \"cache/5d/00/5d00baae79af03d55e407a42ca4023d8.jpg\", \"storage\": \"django.core.files.storage.FileSystemStorage\", \"size\": [270, 270]}"}}, {"model": "thumbnail.kvstore", "pk": "sorl-thumbnail||image||33b055ed830fb83853249f2d0a494acd", "fields": {"value": "{\"name\": \"items/111946109-1.jpg\", \"storage\": \"django.core.files.storage.FileSystemStorage\", \"size\": [900, 1200]}"}}, {"model": "thumbnail.kvstore", "pk": "sorl-thumbnail||image||4b2c5ee28c476a0dcc03eb31fa23a190", "fields": {"value": "{\"name\": \"cache/c5/1c/c51c452ac76df915e961faf9e5d0d81e.jpg\", \"storage\": \"django.core.files.storage.FileSystemStorage\", \"size\": [270, 270]}"}}, {"model": "thumbnail.kvstore", "pk": "sorl-thumbnail||image||58a5c5cf2119ce5f29aa4f4a6faa182e", "fields": {"value": "{\"name\": \"items/rsz_el_image.jpg\", \"storage\": \"django.core.files.storage.FileSystemStorage\", \"size\": [270, 270]}"}}, {"model": "thumbnail.kvstore", "pk": "sorl-thumbnail||image||605af85555150dae234db24eb3f1fdf7", "fields": {"value": "{\"name\": \"cache/98/5c/985cbff03c960b6805fc9f372673701f.jpg\", \"storage\": \"django.core.files.storage.FileSystemStorage\", \"size\": [270, 270]}"}}, {"model": "thumbnail.kvstore", "pk": "sorl-thumbnail||image||9067b6183ab763d11c0060aecab8affb", "fields": {"value": "{\"name\": \"items/image_trumb.jpg\", \"storage\": \"django.core.files.storage.FileSystemStorage\", \"size\": [242, 300]}"}}, {"model": "thumbnail.kvstore", "pk": "sorl-thumbnail||image||ab5ae568105c2afe471852b04bde9a97", "fields": {"value": "{\"name\": \"cache/e6/5b/e65beb3c757bf301b2683b4a577cc304.jpg\", \"storage\": \"django.core.files.storage.FileSystemStorage\", \"size\": [270, 270]}"}}, {"model": "thumbnail.kvstore", "pk": "sorl-thumbnail||image||cdde3a12b5794d0351cff56f2150ecd7", "fields": {"value": "{\"name\": \"items/51119057.jpg\", \"storage\": \"django.core.files.storage.FileSystemStorage\", \"size\": [1200, 800]}"}}, {"model": "thumbnail.kvstore", "pk": "sorl-thumbnail||image||d606a10c2ea3b65210e6c27066b03dce", "fields": {"value": "{\"name\": \"items/dd915c3da29b6c4526807694bc50372e3a1907db37d7e5da2bdba876e5beddfb.jpg\", \"storage\": \"django.core.files.storage.FileSystemStorage\", \"size\": [600, 600]}"}}, {"model": "thumbnail.kvstore", "pk": "sorl-thumbnail||image||e077c4f1b540df80dfeba1a84ed2a920", "fields": {"value": "{\"name\": \"cache/20/a3/20a346b968e7f3ae3341c40217799aa8.jpg\", \"storage\": \"django.core.files.storage.FileSystemStorage\", \"size\": [270, 270]}"}}, {"model": "thumbnail.kvstore", "pk": "sorl-thumbnail||thumbnails||03d26276c38f796792dfa8385ccd8ca8", "fields": {"value": "[\"3344b55e4df166e691755f4d5ab9b3d1\"]"}}, {"model": "thumbnail.kvstore", "pk": "sorl-thumbnail||thumbnails||33b055ed830fb83853249f2d0a494acd", "fields": {"value": "[\"e077c4f1b540df80dfeba1a84ed2a920\"]"}}, {"model": "thumbnail.kvstore", "pk": "sorl-thumbnail||thumbnails||58a5c5cf2119ce5f29aa4f4a6faa182e", "fields": {"value": "[\"605af85555150dae234db24eb3f1fdf7\"]"}}, {"model": "thumbnail.kvstore", "pk": "sorl-thumbnail||thumbnails||9067b6183ab763d11c0060aecab8affb", "fields": {"value": "[\"4b2c5ee28c476a0dcc03eb31fa23a190\"]"}}, {"model": "thumbnail.kvstore", "pk": "sorl-thumbnail||thumbnails||cdde3a12b5794d0351cff56f2150ecd7", "fields": {"value": "[\"217c52de584b4db7adf58eaf80bb2cf8\"]"}}, {"model": "thumbnail.kvstore", "pk": "sorl-thumbnail||thumbnails||d606a10c2ea3b65210e6c27066b03dce", "fields": {"value": "[\"ab5ae568105c2afe471852b04bde9a97\"]"}}]